subfield_id,field_id,name_en,slug,paper_count_total
molecular_biology,biochemistry_genetics_and_molecular_biology,Molecular Biology,molecular-biology,1002638
electrical_and_electronic_engineering,engineering,Electrical and Electronic Engineering,electrical-and-electronic-engineering,848937
sociology_and_political_science,social_sciences,Sociology and Political Science,sociology-and-political-science,685487
surgery,medicine,Surgery,surgery,633773
biomedical_engineering,engineering,Biomedical Engineering,biomedical-engineering,554557
materials_chemistry,materials_science,Materials Chemistry,materials-chemistry,550065
plant_science,agricultural_and_biological_sciences,Plant Science,plant-science,504355
epidemiology,medicine,Epidemiology,epidemiology,477943
pulmonary_and_respiratory_medicine,medicine,Pulmonary and Respiratory Medicine,pulmonary-and-respiratory-medicine,458147
public_health_environmental_and_occupational_health,medicine,"Public Health, Environmental and Occupational Health",public-health-environmental-and-occupational-health,407697
mechanical_engineering,engineering,Mechanical Engineering,mechanical-engineering,400320
oncology,medicine,Oncology,oncology,365391
artificial_intelligence,computer_science,Artificial Intelligence,artificial-intelligence,363850
education,social_sciences,Education,education,354240
economics_and_econometrics,economics_econometrics_and_finance,Economics and Econometrics,economics-and-econometrics,332118
cardiology_and_cardiovascular_medicine,medicine,Cardiology and Cardiovascular Medicine,cardiology-and-cardiovascular-medicine,320717
political_science_and_international_relations,social_sciences,Political Science and International Relations,political-science-and-international-relations,308887
general_health_professions,health_professions,General Health Professions,general-health-professions,299642
clinical_psychology,psychology,Clinical Psychology,clinical-psychology,295709
physiology,medicine,Physiology,physiology,292714
genetics,biochemistry_genetics_and_molecular_biology,Genetics,genetics,274352
organic_chemistry,chemistry,Organic Chemistry,organic-chemistry,272095
atomic_and_molecular_physics_and_optics,physics_and_astronomy,"Atomic and Molecular Physics, and Optics",atomic-and-molecular-physics-and-optics,269021
infectious_diseases,medicine,Infectious Diseases,infectious-diseases,255936
civil_and_structural_engineering,engineering,Civil and Structural Engineering,civil-and-structural-engineering,248053
radiology_nuclear_medicine_and_imaging,medicine,"Radiology, Nuclear Medicine and Imaging",radiology-nuclear-medicine-and-imaging,247167
ecology,environmental_science,Ecology,ecology,246193
cognitive_neuroscience,neuroscience,Cognitive Neuroscience,cognitive-neuroscience,229965
astronomy_and_astrophysics,physics_and_astronomy,Astronomy and Astrophysics,astronomy-and-astrophysics,228176
global_and_planetary_change,environmental_science,Global and Planetary Change,global-and-planetary-change,227812
aerospace_engineering,engineering,Aerospace Engineering,aerospace-engineering,223800
information_systems,computer_science,Information Systems,information-systems,222379
control_and_systems_engineering,engineering,Control and Systems Engineering,control-and-systems-engineering,216414
social_psychology,psychology,Social Psychology,social-psychology,206418
computer_vision_and_pattern_recognition,computer_science,Computer Vision and Pattern Recognition,computer-vision-and-pattern-recognition,202568
immunology,immunology_and_microbiology,Immunology,immunology,199251
renewable_energy_sustainability_and_the_environment,energy,"Renewable Energy, Sustainability and the Environment",renewable-energy-sustainability-and-the-environment,197304
mechanics_of_materials,engineering,Mechanics of Materials,mechanics-of-materials,191233
food_science,agricultural_and_biological_sciences,Food Science,food-science,180720
psychiatry_and_mental_health,medicine,Psychiatry and Mental health,psychiatry-and-mental-health,176531
pathology_and_forensic_medicine,medicine,Pathology and Forensic Medicine,pathology-and-forensic-medicine,175157
endocrinology_diabetes_and_metabolism,medicine,"Endocrinology, Diabetes and Metabolism",endocrinology-diabetes-and-metabolism,174888
pediatrics_perinatology_and_child_health,medicine,"Pediatrics, Perinatology and Child Health",pediatrics-perinatology-and-child-health,174045
neurology,medicine,Neurology,neurology,172930
nuclear_and_high_energy_physics,physics_and_astronomy,Nuclear and High Energy Physics,nuclear-and-high-energy-physics,170099
cancer_research,biochemistry_genetics_and_molecular_biology,Cancer Research,cancer-research,168252
computer_networks_and_communications,computer_science,Computer Networks and Communications,computer-networks-and-communications,164058
ecology_evolution_behavior_and_systematics,agricultural_and_biological_sciences,"Ecology, Evolution, Behavior and Systematics",ecology-evolution-behavior-and-systematics,149612
strategy_and_management,business_management_and_accounting,Strategy and Management,strategy-and-management,149266
electronic_optical_and_magnetic_materials,materials_science,"Electronic, Optical and Magnetic Materials",electronic-optical-and-magnetic-materials,147306
pharmacology,medicine,Pharmacology,pharmacology,141997
building_and_construction,engineering,Building and Construction,building-and-construction,138835
rheumatology,medicine,Rheumatology,rheumatology,134408
biomaterials,materials_science,Biomaterials,biomaterials,132971
computational_mechanics,engineering,Computational Mechanics,computational-mechanics,130750
nutrition_and_dietetics,nursing,Nutrition and Dietetics,nutrition-and-dietetics,128648
experimental_and_cognitive_psychology,psychology,Experimental and Cognitive Psychology,experimental-and-cognitive-psychology,125264
atmospheric_science,earth_and_planetary_sciences,Atmospheric Science,atmospheric-science,123037
health_toxicology_and_mutagenesis,environmental_science,"Health, Toxicology and Mutagenesis",health-toxicology-and-mutagenesis,121463
hematology,medicine,Hematology,hematology,120038
environmental_engineering,environmental_science,Environmental Engineering,environmental-engineering,118204
water_science_and_technology,environmental_science,Water Science and Technology,water-science-and-technology,118198
cell_biology,biochemistry_genetics_and_molecular_biology,Cell Biology,cell-biology,113870
ocean_engineering,engineering,Ocean Engineering,ocean-engineering,109751
accounting,business_management_and_accounting,Accounting,accounting,109573
management_science_and_operations_research,decision_sciences,Management Science and Operations Research,management-science-and-operations-research,106621
genetics,medicine,Genetics,genetics,105875
developmental_and_educational_psychology,psychology,Developmental and Educational Psychology,developmental-and-educational-psychology,105771
geophysics,earth_and_planetary_sciences,Geophysics,geophysics,104393
polymers_and_plastics,materials_science,Polymers and Plastics,polymers-and-plastics,102783
computational_theory_and_mathematics,computer_science,Computational Theory and Mathematics,computational-theory-and-mathematics,101003
literature_and_literary_theory,arts_and_humanities,Literature and Literary Theory,literature-and-literary-theory,99340
ophthalmology,medicine,Ophthalmology,ophthalmology,94643
industrial_and_manufacturing_engineering,engineering,Industrial and Manufacturing Engineering,industrial-and-manufacturing-engineering,94106
cellular_and_molecular_neuroscience,neuroscience,Cellular and Molecular Neuroscience,cellular-and-molecular-neuroscience,94077
health,social_sciences,Health,health,93545
pollution,environmental_science,Pollution,pollution,92658
management_monitoring_policy_and_law,environmental_science,"Management, Monitoring, Policy and Law",management-monitoring-policy-and-law,92230
inorganic_chemistry,chemistry,Inorganic Chemistry,inorganic-chemistry,91873
automotive_engineering,engineering,Automotive Engineering,automotive-engineering,91747
organizational_behavior_and_human_resource_management,business_management_and_accounting,Organizational Behavior and Human Resource Management,organizational-behavior-and-human-resource-management,88267
obstetrics_and_gynecology,medicine,Obstetrics and Gynecology,obstetrics-and-gynecology,88079
orthopedics_and_sports_medicine,medicine,Orthopedics and Sports Medicine,orthopedics-and-sports-medicine,85344
language_and_linguistics,arts_and_humanities,Language and Linguistics,language-and-linguistics,84972
statistical_and_nonlinear_physics,physics_and_astronomy,Statistical and Nonlinear Physics,statistical-and-nonlinear-physics,84148
insect_science,agricultural_and_biological_sciences,Insect Science,insect-science,83634
philosophy,arts_and_humanities,Philosophy,philosophy,80719
finance,economics_econometrics_and_finance,Finance,finance,80080
oceanography,earth_and_planetary_sciences,Oceanography,oceanography,79245
gender_studies,social_sciences,Gender Studies,gender-studies,79153
nature_and_landscape_conservation,environmental_science,Nature and Landscape Conservation,nature-and-landscape-conservation,78497
agronomy_and_crop_science,agricultural_and_biological_sciences,Agronomy and Crop Science,agronomy-and-crop-science,77840
applied_mathematics,mathematics,Applied Mathematics,applied-mathematics,77130
demography,social_sciences,Demography,demography,76786
reproductive_medicine,medicine,Reproductive Medicine,reproductive-medicine,75112
animal_science_and_zoology,agricultural_and_biological_sciences,Animal Science and Zoology,animal-science-and-zoology,74005
neurology,neuroscience,Neurology,neurology,73815
marketing,business_management_and_accounting,Marketing,marketing,73804
nephrology,medicine,Nephrology,nephrology,72885
management_information_systems,business_management_and_accounting,Management Information Systems,management-information-systems,71571
emergency_medicine,medicine,Emergency Medicine,emergency-medicine,70847
law,social_sciences,Law,law,70585
statistics_and_probability,mathematics,Statistics and Probability,statistics-and-probability,70323
spectroscopy,chemistry,Spectroscopy,spectroscopy,70102
complementary_and_alternative_medicine,medicine,Complementary and alternative medicine,complementary-and-alternative-medicine,70091
hepatology,medicine,Hepatology,hepatology,69946
soil_science,agricultural_and_biological_sciences,Soil Science,soil-science,69742
dermatology,medicine,Dermatology,dermatology,69475
condensed_matter_physics,physics_and_astronomy,Condensed Matter Physics,condensed-matter-physics,68093
history,arts_and_humanities,History,history,66692
cultural_studies,social_sciences,Cultural Studies,cultural-studies,66378
archeology,arts_and_humanities,Archeology,archeology,64796
general_economics_econometrics_and_finance,economics_econometrics_and_finance,"General Economics, Econometrics and Finance",general-economics-econometrics-and-finance,61604
anthropology,social_sciences,Anthropology,anthropology,61484
management_of_technology_and_innovation,business_management_and_accounting,Management of Technology and Innovation,management-of-technology-and-innovation,60784
media_technology,engineering,Media Technology,media-technology,60356
communication,social_sciences,Communication,communication,59868
oral_surgery,dentistry,Oral Surgery,oral-surgery,59254
general_agricultural_and_biological_sciences,agricultural_and_biological_sciences,General Agricultural and Biological Sciences,general-agricultural-and-biological-sciences,59046
safety_research,social_sciences,Safety Research,safety-research,58382
environmental_chemistry,environmental_science,Environmental Chemistry,environmental-chemistry,58280
rehabilitation,medicine,Rehabilitation,rehabilitation,55257
geometry_and_topology,mathematics,Geometry and Topology,geometry-and-topology,54641
emergency_medical_services,health_professions,Emergency Medical Services,emergency-medical-services,54078
pharmacology,pharmacology_toxicology_and_pharmaceutics,Pharmacology,pharmacology,53823
molecular_medicine,biochemistry_genetics_and_molecular_biology,Molecular Medicine,molecular-medicine,51150
analytical_chemistry,chemistry,Analytical Chemistry,analytical-chemistry,49583
modeling_and_simulation,mathematics,Modeling and Simulation,modeling-and-simulation,48779
parasitology,immunology_and_microbiology,Parasitology,parasitology,47470
aquatic_science,agricultural_and_biological_sciences,Aquatic Science,aquatic-science,47377
information_systems_and_management,decision_sciences,Information Systems and Management,information-systems-and-management,46728
industrial_and_manufacturing_engineering,environmental_science,Industrial and Manufacturing Engineering,industrial-and-manufacturing-engineering,46567
signal_processing,computer_science,Signal Processing,signal-processing,46183
safety_risk_reliability_and_quality,engineering,"Safety, Risk, Reliability and Quality",safety-risk-reliability-and-quality,45647
periodontics,dentistry,Periodontics,periodontics,45597
radiation,physics_and_astronomy,Radiation,radiation,45098
transportation,social_sciences,Transportation,transportation,43277
biotechnology,biochemistry_genetics_and_molecular_biology,Biotechnology,biotechnology,42792
mathematical_physics,mathematics,Mathematical Physics,mathematical-physics,42687
statistics_probability_and_uncertainty,decision_sciences,"Statistics, Probability and Uncertainty",statistics-probability-and-uncertainty,41896
paleontology,earth_and_planetary_sciences,Paleontology,paleontology,41873
history_and_philosophy_of_science,arts_and_humanities,History and Philosophy of Science,history-and-philosophy-of-science,41499
microbiology,immunology_and_microbiology,Microbiology,microbiology,41393
speech_and_hearing,health_professions,Speech and Hearing,speech-and-hearing,41295
gastroenterology,medicine,Gastroenterology,gastroenterology,40894
pharmaceutical_science,pharmacology_toxicology_and_pharmaceutics,Pharmaceutical Science,pharmaceutical-science,40783
urology,medicine,Urology,urology,39653
geriatrics_and_gerontology,medicine,Geriatrics and Gerontology,geriatrics-and-gerontology,38689
small_animals,veterinary,Small Animals,small-animals,38594
urban_studies,social_sciences,Urban Studies,urban-studies,38001
orthodontics,dentistry,Orthodontics,orthodontics,37910
biochemistry,medicine,Biochemistry,biochemistry,36468
visual_arts_and_performing_arts,arts_and_humanities,Visual Arts and Performing Arts,visual-arts-and-performing-arts,36289
computer_science_applications,computer_science,Computer Science Applications,computer-science-applications,35984
physical_therapy_sports_therapy_and_rehabilitation,health_professions,"Physical Therapy, Sports Therapy and Rehabilitation",physical-therapy-sports-therapy-and-rehabilitation,35618
biophysics,biochemistry_genetics_and_molecular_biology,Biophysics,biophysics,35445
critical_care_and_intensive_care_medicine,medicine,Critical Care and Intensive Care Medicine,critical-care-and-intensive-care-medicine,35394
geography_planning_and_development,social_sciences,"Geography, Planning and Development",geography-planning-and-development,34947
catalysis,chemical_engineering,Catalysis,catalysis,34834
otorhinolaryngology,medicine,Otorhinolaryngology,otorhinolaryngology,33658
surfaces_coatings_and_films,materials_science,"Surfaces, Coatings and Films",surfaces-coatings-and-films,33008
human_computer_interaction,computer_science,Human-Computer Interaction,human-computer-interaction,32252
religious_studies,arts_and_humanities,Religious studies,religious-studies,31729
geology,earth_and_planetary_sciences,Geology,geology,31482
applied_psychology,psychology,Applied Psychology,applied-psychology,30782
radiological_and_ultrasound_technology,health_professions,Radiological and Ultrasound Technology,radiological-and-ultrasound-technology,30160
earth_surface_processes,earth_and_planetary_sciences,Earth-Surface Processes,earth-surface-processes,29156
health_information_management,health_professions,Health Information Management,health-information-management,28462
anesthesiology_and_pain_medicine,medicine,Anesthesiology and Pain Medicine,anesthesiology-and-pain-medicine,28282
endocrine_and_autonomic_systems,neuroscience,Endocrine and Autonomic Systems,endocrine-and-autonomic-systems,28138
physical_and_theoretical_chemistry,chemistry,Physical and Theoretical Chemistry,physical-and-theoretical-chemistry,27324
music,arts_and_humanities,Music,music,27306
immunology_and_allergy,medicine,Immunology and Allergy,immunology-and-allergy,27019
endocrinology,biochemistry_genetics_and_molecular_biology,Endocrinology,endocrinology,26825
sensory_systems,neuroscience,Sensory Systems,sensory-systems,26794
ecological_modeling,environmental_science,Ecological Modeling,ecological-modeling,26556
virology,immunology_and_microbiology,Virology,virology,26227
clinical_biochemistry,biochemistry_genetics_and_molecular_biology,Clinical Biochemistry,clinical-biochemistry,25660
linguistics_and_language,social_sciences,Linguistics and Language,linguistics-and-language,24682
biochemistry,biochemistry_genetics_and_molecular_biology,Biochemistry,biochemistry,24361
occupational_therapy,health_professions,Occupational Therapy,occupational-therapy,23851
fluid_flow_and_transfer_processes,chemical_engineering,Fluid Flow and Transfer Processes,fluid-flow-and-transfer-processes,23027
geochemistry_and_petrology,earth_and_planetary_sciences,Geochemistry and Petrology,geochemistry-and-petrology,21700
internal_medicine,medicine,Internal Medicine,internal-medicine,21665
development,social_sciences,Development,development,21359
public_administration,social_sciences,Public Administration,public-administration,21316
algebra_and_number_theory,mathematics,Algebra and Number Theory,algebra-and-number-theory,19924
museology,arts_and_humanities,Museology,museology,19840
health_informatics,medicine,Health Informatics,health-informatics,19307
pharmacy,health_professions,Pharmacy,pharmacy,19269
hardware_and_architecture,computer_science,Hardware and Architecture,hardware-and-architecture,17839
applied_microbiology_and_biotechnology,immunology_and_microbiology,Applied Microbiology and Biotechnology,applied-microbiology-and-biotechnology,17355
classics,arts_and_humanities,Classics,classics,16738
conservation,arts_and_humanities,Conservation,conservation,16703
numerical_analysis,mathematics,Numerical Analysis,numerical-analysis,16660
ceramics_and_composites,materials_science,Ceramics and Composites,ceramics-and-composites,16586
toxicology,pharmacology_toxicology_and_pharmaceutics,Toxicology,toxicology,15255
physiology,biochemistry_genetics_and_molecular_biology,Physiology,physiology,15221
energy_engineering_and_power_technology,energy,Energy Engineering and Power Technology,energy-engineering-and-power-technology,15125
computer_graphics_and_computer_aided_design,computer_science,Computer Graphics and Computer-Aided Design,computer-graphics-and-computer-aided-design,15051
business_and_international_management,business_management_and_accounting,Business and International Management,business-and-international-management,14649
transplantation,medicine,Transplantation,transplantation,14628
developmental_neuroscience,neuroscience,Developmental Neuroscience,developmental-neuroscience,13700
forestry,agricultural_and_biological_sciences,Forestry,forestry,13383
general_materials_science,materials_science,General Materials Science,general-materials-science,13154
biological_psychiatry,neuroscience,Biological Psychiatry,biological-psychiatry,12935
electrochemistry,chemistry,Electrochemistry,electrochemistry,12292
process_chemistry_and_technology,chemical_engineering,Process Chemistry and Technology,process-chemistry-and-technology,12101
general_social_sciences,social_sciences,General Social Sciences,general-social-sciences,11484
discrete_mathematics_and_combinatorics,mathematics,Discrete Mathematics and Combinatorics,discrete-mathematics-and-combinatorics,10947
family_practice,medicine,Family Practice,family-practice,10903
bioengineering,chemical_engineering,Bioengineering,bioengineering,10660
behavioral_neuroscience,neuroscience,Behavioral Neuroscience,behavioral-neuroscience,10621
aging,biochemistry_genetics_and_molecular_biology,Aging,aging,10104
library_and_information_sciences,social_sciences,Library and Information Sciences,library-and-information-sciences,10061
complementary_and_manual_therapy,health_professions,Complementary and Manual Therapy,complementary-and-manual-therapy,9809
general_dentistry,dentistry,General Dentistry,general-dentistry,9589
instrumentation,physics_and_astronomy,Instrumentation,instrumentation,9379
human_factors_and_ergonomics,social_sciences,Human Factors and Ergonomics,human-factors-and-ergonomics,8784
neuropsychology_and_physiological_psychology,psychology,Neuropsychology and Physiological Psychology,neuropsychology-and-physiological-psychology,8168
software,computer_science,Software,software,8017
developmental_biology,biochemistry_genetics_and_molecular_biology,Developmental Biology,developmental-biology,7814
equine,veterinary,Equine,equine,6835
metals_and_alloys,materials_science,Metals and Alloys,metals-and-alloys,6703
anatomy,medicine,Anatomy,anatomy,6654
general_decision_sciences,decision_sciences,General Decision Sciences,general-decision-sciences,6307
architecture,engineering,Architecture,architecture,6165
tourism_leisure_and_hospitality_management,business_management_and_accounting,"Tourism, Leisure and Hospitality Management",tourism-leisure-and-hospitality-management,5994
structural_biology,biochemistry_genetics_and_molecular_biology,Structural Biology,structural-biology,5969
issues_ethics_and_legal_aspects,nursing,"Issues, ethics and legal aspects",issues-ethics-and-legal-aspects,5741
general_energy,energy,General Energy,general-energy,5549
space_and_planetary_science,earth_and_planetary_sciences,Space and Planetary Science,space-and-planetary-science,5266
acoustics_and_ultrasonics,physics_and_astronomy,Acoustics and Ultrasonics,acoustics-and-ultrasonics,5105
medical_laboratory_technology,health_professions,Medical Laboratory Technology,medical-laboratory-technology,4460
leadership_and_management,nursing,Leadership and Management,leadership-and-management,3987
research_and_theory,nursing,Research and Theory,research-and-theory,3823
microbiology,medicine,Microbiology,microbiology,3077
archeology,social_sciences,Archeology,archeology,2882
fuel_technology,energy,Fuel Technology,fuel-technology,2882
computational_mathematics,mathematics,Computational Mathematics,computational-mathematics,2839
filtration_and_separation,chemical_engineering,Filtration and Separation,filtration-and-separation,2741
horticulture,agricultural_and_biological_sciences,Horticulture,horticulture,2463
general_psychology,psychology,General Psychology,general-psychology,2220
theoretical_computer_science,mathematics,Theoretical Computer Science,theoretical-computer-science,2215
general_arts_and_humanities,arts_and_humanities,General Arts and Humanities,general-arts-and-humanities,1844
nuclear_energy_and_engineering,energy,Nuclear Energy and Engineering,nuclear-energy-and-engineering,1578
general_engineering,engineering,General Engineering,general-engineering,1470
life_span_and_life_course_studies,social_sciences,Life-span and Life-course Studies,life-span-and-life-course-studies,1464
chemical_health_and_safety,chemical_engineering,Chemical Health and Safety,chemical-health-and-safety,1348
medical_terminology,health_professions,Medical Terminology,medical-terminology,667
drug_discovery,pharmacology_toxicology_and_pharmaceutics,Drug Discovery,drug-discovery,382
industrial_relations,business_management_and_accounting,Industrial relations,industrial-relations,212
